<logging>  
   <!-- level is (:?FINEST|FINE|DEBUG|TRACE|INFO|WARNING|ERROR) -->  
  <!--
  <filter enabled="true">  
    <tag>stdout</tag>  
    <type>console</type>  
    <level>DEBUG</level>  
  </filter>  
 -->
  <filter enabled="true">  
    <tag>file</tag>  
    <type>file</type>  
    <level>DEBUG</level>  
    <property name="filename">./logs/duobao_service.log</property>  
    <!--  
       %T - Time (15:04:05 MST)  
       %t - Time (15:04)  
       %D - Date (2006/01/02)  
       %d - Date (01/02/06)  
       %L - Level (FNST, FINE, DEBG, TRAC, WARN, EROR, CRIT)  
       %S - Source  
       %M - Message  
       It ignores unknown format strings (and removes them)  
       Recommended: "[%D %T] [%L] (%S) %M"  
    -->  
    <property name="format">[%D %T] [%L] %M</property>  
    <property name="rotate">true</property>
    <property name="maxsize">512M</property> 
    <property name="maxlines">1000K</property> 
    <property name="daily">true</property> 
  </filter>  
</logging>  
